loss,grad_norm,learning_rate,epoch
2.4401,4.54932165145874,0.0002,0.03
2.2522,5.592896938323975,0.0002,0.05
2.0207,8.451057434082031,0.0002,0.07
1.833,7.84295654296875,0.0002,0.09
1.7,5.768841743469238,0.0002,0.1
1.7252,6.015746593475342,0.0002,0.12
1.5691,5.166071891784668,0.0002,0.14
1.6054,5.9486823081970215,0.0002,0.16
1.5373,5.935572147369385,0.0002,0.17
1.489,5.503756999969482,0.0002,0.19
1.4758,6.573701858520508,0.0002,0.21
1.4527,5.920657634735107,0.0002,0.22
1.4209,6.244678974151611,0.0002,0.24
1.4407,6.762345314025879,0.0002,0.26
1.4047,6.4901227951049805,0.0002,0.28
1.3474,7.074990272521973,0.0002,0.29
1.3447,6.664266109466553,0.0002,0.31
1.3336,7.644521713256836,0.0002,0.33
1.302,7.618354320526123,0.0002,0.35
1.3382,6.84598445892334,0.0002,0.36
1.3648,6.9572038650512695,0.0002,0.38
1.2948,6.418123245239258,0.0002,0.4
1.3013,7.430232048034668,0.0002,0.41
1.2947,6.829370498657227,0.0002,0.43
1.3002,6.708364963531494,0.0002,0.45
1.2464,6.859429359436035,0.0002,0.47
1.2226,7.392430782318115,0.0002,0.48
1.1811,6.822373867034912,0.0002,0.5
1.2511,6.514771461486816,0.0002,0.52
1.2112,7.5400471687316895,0.0002,0.54
1.2029,7.046596050262451,0.0002,0.55
1.2443,7.553953170776367,0.0002,0.57
1.1787,7.460027694702148,0.0002,0.59
1.2165,6.596584796905518,0.0002,0.61
1.2068,6.884382247924805,0.0002,0.62
1.1881,7.062110900878906,0.0002,0.64
1.2158,6.78258752822876,0.0002,0.66
1.1616,7.839870452880859,0.0002,0.67
1.1601,6.45238733291626,0.0002,0.69
1.215,7.620053768157959,0.0002,0.71
1.1839,7.324428558349609,0.0002,0.73
1.1918,6.7048869132995605,0.0002,0.74
1.1773,6.983245849609375,0.0002,0.76
1.1538,7.09714937210083,0.0002,0.78
1.1881,7.942037105560303,0.0002,0.8
1.184,7.001072883605957,0.0002,0.81
1.1447,6.913371562957764,0.0002,0.83
1.1686,7.542503833770752,0.0002,0.85
1.1596,6.703799247741699,0.0002,0.86
1.1666,6.484847068786621,0.0002,0.88
1.1839,6.520663261413574,0.0002,0.9
1.2063,6.138363838195801,0.0002,0.92
1.1914,7.211183071136475,0.0002,0.93
1.1442,6.150135517120361,0.0002,0.95
1.1623,6.645340442657471,0.0002,0.97
1.1425,6.913072109222412,0.0002,0.99
1.1497,6.256707191467285,0.0002,1.0
1.134,6.40343713760376,0.0002,1.02
1.1298,7.007958889007568,0.0002,1.04
1.1324,6.656667232513428,0.0002,1.05
1.1295,6.966361999511719,0.0002,1.07
1.1088,7.63405704498291,0.0002,1.09
1.1007,6.224790573120117,0.0002,1.11
1.1093,6.248202800750732,0.0002,1.12
1.1275,7.230744361877441,0.0002,1.14
1.1461,6.336569786071777,0.0002,1.16
1.1504,6.510573387145996,0.0002,1.18
1.1317,6.8266754150390625,0.0002,1.19
1.1771,6.708704471588135,0.0002,1.21
1.1508,6.14323616027832,0.0002,1.23
1.1321,6.463295936584473,0.0002,1.24
1.1546,6.856960296630859,0.0002,1.26
1.0891,7.285539150238037,0.0002,1.28
1.1234,6.23911190032959,0.0002,1.3
1.1315,6.54625940322876,0.0002,1.31
1.1499,6.448947906494141,0.0002,1.33
1.1095,6.96805477142334,0.0002,1.35
1.1107,6.554820537567139,0.0002,1.37
1.0939,6.864654064178467,0.0002,1.38
1.0995,6.191131591796875,0.0002,1.4
1.1531,6.392024993896484,0.0002,1.42
1.0926,6.28678560256958,0.0002,1.43
1.1112,6.319988250732422,0.0002,1.45
1.0671,6.771874904632568,0.0002,1.47
1.097,6.812203884124756,0.0002,1.49
1.1302,6.791704177856445,0.0002,1.5
1.0603,6.167662143707275,0.0002,1.52
1.0873,6.27255916595459,0.0002,1.54
1.0923,6.520177364349365,0.0002,1.56
1.1255,6.107080459594727,0.0002,1.57
1.0836,7.057075023651123,0.0002,1.59
1.0699,6.250047206878662,0.0002,1.61
1.108,5.932468414306641,0.0002,1.62
1.1065,6.257958889007568,0.0002,1.64
1.1148,5.9727678298950195,0.0002,1.66
1.0856,5.8850297927856445,0.0002,1.68
1.09,6.734228134155273,0.0002,1.69
1.1033,6.059775352478027,0.0002,1.71
1.0928,5.880706787109375,0.0002,1.73
1.0573,6.423445224761963,0.0002,1.75
1.1156,5.689881801605225,0.0002,1.76
1.1013,5.620721817016602,0.0002,1.78
1.0838,6.120365619659424,0.0002,1.8
1.0766,6.736672401428223,0.0002,1.82
1.0694,6.244631767272949,0.0002,1.83
1.1103,6.554916858673096,0.0002,1.85
1.0843,5.980915069580078,0.0002,1.87
1.0918,5.876392841339111,0.0002,1.88
1.0756,5.794938087463379,0.0002,1.9
1.0762,6.624763488769531,0.0002,1.92
1.0745,6.9919328689575195,0.0002,1.94
1.1079,6.291275501251221,0.0002,1.95
1.1119,6.206979751586914,0.0002,1.97
1.0745,5.691422939300537,0.0002,1.99
1.0834,6.044478416442871,0.0002,2.01
1.0337,5.943032741546631,0.0002,2.02
1.0417,5.944650173187256,0.0002,2.04
1.0686,5.947720050811768,0.0002,2.06
1.0676,6.427282333374023,0.0002,2.07
1.0314,5.97100305557251,0.0002,2.09
1.052,5.920538902282715,0.0002,2.11
1.0536,6.0026092529296875,0.0002,2.13
0.9946,6.918979167938232,0.0002,2.14
1.0047,5.993133544921875,0.0002,2.16
1.0528,6.188049793243408,0.0002,2.18
1.0683,6.4163618087768555,0.0002,2.2
1.0367,6.381513595581055,0.0002,2.21
1.0482,6.350888729095459,0.0002,2.23
1.0773,5.566852569580078,0.0002,2.25
1.0057,6.626641273498535,0.0002,2.26
1.0411,6.7401227951049805,0.0002,2.28
1.0255,6.525855541229248,0.0002,2.3
1.0495,6.230302810668945,0.0002,2.32
1.0304,6.491821765899658,0.0002,2.33
1.0892,5.836639404296875,0.0002,2.35
1.0621,6.29296350479126,0.0002,2.37
1.0268,6.0406174659729,0.0002,2.39
1.0348,6.2960357666015625,0.0002,2.4
1.0818,5.910457134246826,0.0002,2.42
1.0886,5.877377510070801,0.0002,2.44
1.0855,5.973223686218262,0.0002,2.45
1.0641,6.395350933074951,0.0002,2.47
1.0831,6.378170490264893,0.0002,2.49
1.0365,6.21612548828125,0.0002,2.51
1.0045,6.219177722930908,0.0002,2.52
1.0399,6.0413970947265625,0.0002,2.54
0.9925,6.07093620300293,0.0002,2.56
1.0955,5.57066535949707,0.0002,2.58
1.0301,5.862934589385986,0.0002,2.59
1.0966,5.748096942901611,0.0002,2.61
1.0538,5.690628528594971,0.0002,2.63
1.0056,5.6283063888549805,0.0002,2.64
1.108,6.305529594421387,0.0002,2.66
1.0435,6.344935894012451,0.0002,2.68
1.0404,5.552215576171875,0.0002,2.7
1.0354,6.542007923126221,0.0002,2.71
1.0725,5.995535373687744,0.0002,2.73
1.0902,5.759089469909668,0.0002,2.75
1.0188,6.011345863342285,0.0002,2.77
1.0644,5.697875022888184,0.0002,2.78
1.0027,5.7049126625061035,0.0002,2.8
1.0541,5.852867603302002,0.0002,2.82
1.0435,5.887819766998291,0.0002,2.83
1.0475,6.123358249664307,0.0002,2.85
0.9976,6.190786838531494,0.0002,2.87
1.0294,6.034763336181641,0.0002,2.89
1.0048,6.2141618728637695,0.0002,2.9
1.0854,5.8633317947387695,0.0002,2.92
1.0023,6.134963512420654,0.0002,2.94
1.044,5.83345890045166,0.0002,2.96
1.0047,5.6392903327941895,0.0002,2.97
1.0224,5.453463077545166,0.0002,2.99
0.9953,5.9834303855896,0.0002,3.01
1.023,5.829610824584961,0.0002,3.03
0.9534,5.815934181213379,0.0002,3.04
0.9446,6.123513698577881,0.0002,3.06
1.0311,5.754098892211914,0.0002,3.08
0.9936,5.9896321296691895,0.0002,3.09
0.976,6.342652320861816,0.0002,3.11
1.0225,5.7315568923950195,0.0002,3.13
0.9977,5.678964614868164,0.0002,3.15
1.0369,5.940027236938477,0.0002,3.16
0.9669,6.117877006530762,0.0002,3.18
1.0743,5.469198703765869,0.0002,3.2
0.988,5.8746819496154785,0.0002,3.22
0.9732,6.009661674499512,0.0002,3.23
1.0205,6.034038543701172,0.0002,3.25
1.0102,5.806221961975098,0.0002,3.27
1.0305,6.64714241027832,0.0002,3.28
1.0329,6.022454738616943,0.0002,3.3
1.0294,6.156910419464111,0.0002,3.32
1.0526,5.63557767868042,0.0002,3.34
0.9606,5.9294939041137695,0.0002,3.35
0.9875,5.530533313751221,0.0002,3.37
0.9954,6.252071380615234,0.0002,3.39
1.077,5.820401191711426,0.0002,3.41
1.0221,5.606686592102051,0.0002,3.42
1.0128,6.337584495544434,0.0002,3.44
1.0378,5.99342679977417,0.0002,3.46
1.0438,5.568210124969482,0.0002,3.47
1.0227,5.729730606079102,0.0002,3.49
0.9543,6.382146835327148,0.0002,3.51
0.999,6.20088529586792,0.0002,3.53
1.0495,5.743860244750977,0.0002,3.54
1.0065,6.362868309020996,0.0002,3.56
1.0066,6.01015043258667,0.0002,3.58
0.979,6.12952184677124,0.0002,3.6
1.0301,5.834344863891602,0.0002,3.61
1.0278,6.249605655670166,0.0002,3.63
1.0162,6.215485572814941,0.0002,3.65
0.9876,5.7997541427612305,0.0002,3.66
1.0001,5.981667995452881,0.0002,3.68
0.9572,5.937722682952881,0.0002,3.7
1.002,5.782695293426514,0.0002,3.72
0.9971,6.097928524017334,0.0002,3.73
0.9981,5.897447109222412,0.0002,3.75
0.988,5.548954010009766,0.0002,3.77
0.9753,5.795232772827148,0.0002,3.79
0.9477,6.007657527923584,0.0002,3.8
0.9753,6.357218265533447,0.0002,3.82
1.0392,5.3573384284973145,0.0002,3.84
0.9577,6.231564521789551,0.0002,3.85
0.9766,5.358453750610352,0.0002,3.87
0.9963,5.726663589477539,0.0002,3.89
0.9674,5.975709438323975,0.0002,3.91
0.9986,6.238125801086426,0.0002,3.92
0.9606,5.761771202087402,0.0002,3.94
1.0364,5.75484037399292,0.0002,3.96
0.977,5.580870151519775,0.0002,3.98
0.9798,6.397705554962158,0.0002,3.99
0.9518,5.768058776855469,0.0002,4.01
0.9548,5.445761680603027,0.0002,4.03
1.0116,6.110721588134766,0.0002,4.04
0.9768,5.919597148895264,0.0002,4.06
0.9269,6.049651145935059,0.0002,4.08
0.965,5.55217170715332,0.0002,4.1
0.9839,5.734176158905029,0.0002,4.11
0.9595,5.935368537902832,0.0002,4.13
0.9561,6.243412017822266,0.0002,4.15
0.9422,5.852625846862793,0.0002,4.17
0.969,6.0116472244262695,0.0002,4.18
0.9902,5.6824517250061035,0.0002,4.2
0.9303,6.082813739776611,0.0002,4.22
0.9578,6.108146667480469,0.0002,4.24
0.9315,6.29035758972168,0.0002,4.25
0.9632,6.483988285064697,0.0002,4.27
0.9398,6.576503276824951,0.0002,4.29
0.9047,5.940040111541748,0.0002,4.3
0.983,6.3862409591674805,0.0002,4.32
0.9915,6.095378875732422,0.0002,4.34
0.9912,6.089323997497559,0.0002,4.36
0.9658,6.038738250732422,0.0002,4.37
0.9562,5.653072834014893,0.0002,4.39
0.941,6.231266021728516,0.0002,4.41
0.9681,5.906407356262207,0.0002,4.43
1.0042,5.828914165496826,0.0002,4.44
0.943,5.813852310180664,0.0002,4.46
1.0296,5.928987979888916,0.0002,4.48
0.9547,5.899868011474609,0.0002,4.49
0.9167,5.873646259307861,0.0002,4.51
0.9916,6.015422344207764,0.0002,4.53
0.9643,5.7875566482543945,0.0002,4.55
0.9828,5.683768272399902,0.0002,4.56
0.9746,5.988405704498291,0.0002,4.58
1.0167,5.694162845611572,0.0002,4.6
0.9771,6.34542989730835,0.0002,4.62
0.9577,6.005857944488525,0.0002,4.63
0.972,6.054779529571533,0.0002,4.65
0.9797,5.907695293426514,0.0002,4.67
1.0102,5.873415470123291,0.0002,4.68
0.9511,5.903594017028809,0.0002,4.7
0.9976,5.7763352394104,0.0002,4.72
0.9346,5.925142765045166,0.0002,4.74
0.9711,5.878860950469971,0.0002,4.75
0.9669,5.766307830810547,0.0002,4.77
0.9608,5.53269624710083,0.0002,4.79
0.9472,5.592599391937256,0.0002,4.81
0.9904,5.643466949462891,0.0002,4.82
0.9879,5.726715564727783,0.0002,4.84
1.0227,6.04503059387207,0.0002,4.86
1.0143,5.928718090057373,0.0002,4.87
0.9901,6.232987880706787,0.0002,4.89
0.9653,5.649896621704102,0.0002,4.91
1.0103,5.858952045440674,0.0002,4.93
0.959,5.638880729675293,0.0002,4.94
0.9633,5.811298370361328,0.0002,4.96
0.9475,5.708878993988037,0.0002,4.98
0.9852,5.759720325469971,0.0002,5.0
0.9583,5.514200687408447,0.0002,5.01
0.9497,6.205531597137451,0.0002,5.03
0.9572,5.887664794921875,0.0002,5.05
0.951,6.284996032714844,0.0002,5.06
0.9319,5.569859981536865,0.0002,5.08
0.9363,6.150140762329102,0.0002,5.1
0.9311,5.592890739440918,0.0002,5.12
0.9271,5.897797107696533,0.0002,5.13
0.9338,6.369588375091553,0.0002,5.15
0.9627,6.012159824371338,0.0002,5.17
0.9577,6.4791975021362305,0.0002,5.19
1.0112,5.938464164733887,0.0002,5.2
0.9523,6.026558876037598,0.0002,5.22
0.9118,6.19989013671875,0.0002,5.24
0.9083,5.879466533660889,0.0002,5.25
0.94,6.008687496185303,0.0002,5.27
0.9244,6.246657371520996,0.0002,5.29
0.9577,6.367334365844727,0.0002,5.31
0.9007,6.387925624847412,0.0002,5.32
0.9564,5.897136688232422,0.0002,5.34
0.9441,6.073293209075928,0.0002,5.36
0.9808,5.756076812744141,0.0002,5.38
0.9156,6.311124324798584,0.0002,5.39
0.9763,6.0545878410339355,0.0002,5.41
0.9358,6.908834934234619,0.0002,5.43
0.9154,6.014763832092285,0.0002,5.45
0.9473,6.424966812133789,0.0002,5.46
0.9247,6.094278335571289,0.0002,5.48
0.958,6.2663984298706055,0.0002,5.5
0.9978,5.881072521209717,0.0002,5.51
0.9492,6.06909704208374,0.0002,5.53
0.9477,5.975950241088867,0.0002,5.55
0.9264,6.594111919403076,0.0002,5.57
0.8846,6.131364345550537,0.0002,5.58
0.91,5.8471527099609375,0.0002,5.6
0.9073,6.002979278564453,0.0002,5.62
0.9535,6.466720104217529,0.0002,5.64
0.9134,5.951537132263184,0.0002,5.65
0.9141,6.06477689743042,0.0002,5.67
0.968,5.8861308097839355,0.0002,5.69
0.9489,5.63908052444458,0.0002,5.7
0.9415,6.100959777832031,0.0002,5.72
0.9212,5.882194519042969,0.0002,5.74
0.939,5.753507137298584,0.0002,5.76
0.9413,5.984129428863525,0.0002,5.77
0.9413,6.095453262329102,0.0002,5.79
0.9859,6.193780422210693,0.0002,5.81
0.9566,6.22045373916626,0.0002,5.83
0.9354,6.263051509857178,0.0002,5.84
0.9452,6.3679914474487305,0.0002,5.86
0.9523,5.556319236755371,0.0002,5.88
0.8898,6.029979228973389,0.0002,5.89
0.9505,5.6208295822143555,0.0002,5.91
0.9052,5.705646514892578,0.0002,5.93
0.961,5.742941379547119,0.0002,5.95
0.963,5.871904373168945,0.0002,5.96
0.9453,5.952600479125977,0.0002,5.98
0.9558,5.635520935058594,0.0002,6.0
0.9267,5.665163993835449,0.0002,6.02
0.931,5.839602470397949,0.0002,6.03
0.8801,6.415294647216797,0.0002,6.05
0.9578,6.259084701538086,0.0002,6.07
0.877,6.333616256713867,0.0002,6.08
0.8931,5.908798694610596,0.0002,6.1
0.8899,6.677976131439209,0.0002,6.12
0.9267,5.726657390594482,0.0002,6.14
0.9366,6.209708213806152,0.0002,6.15
0.8742,6.314372539520264,0.0002,6.17
0.9446,6.445681571960449,0.0002,6.19
0.9055,6.218250751495361,0.0002,6.21
0.912,6.120852470397949,0.0002,6.22
0.9269,6.133075714111328,0.0002,6.24
0.9121,5.921079158782959,0.0002,6.26
0.8813,6.575042247772217,0.0002,6.27
0.9069,6.402101039886475,0.0002,6.29
0.9045,6.108107566833496,0.0002,6.31
0.8495,6.133200645446777,0.0002,6.33
0.9221,6.319901466369629,0.0002,6.34
0.9148,5.684030532836914,0.0002,6.36
0.9236,5.816843509674072,0.0002,6.38
0.9023,5.878927230834961,0.0002,6.4
0.9526,6.097142696380615,0.0002,6.41
0.9171,6.606540679931641,0.0002,6.43
0.8886,6.249529838562012,0.0002,6.45
0.9517,6.361724853515625,0.0002,6.46
0.8746,6.604925632476807,0.0002,6.48
0.8972,6.149048805236816,0.0002,6.5
0.9316,6.114434242248535,0.0002,6.52
0.948,6.0466718673706055,0.0002,6.53
0.9012,6.181456565856934,0.0002,6.55
0.9079,5.94158411026001,0.0002,6.57
0.9334,5.718885898590088,0.0002,6.59
0.9479,6.2484869956970215,0.0002,6.6
0.9081,5.727555751800537,0.0002,6.62
0.9032,6.100517749786377,0.0002,6.64
0.9144,6.1731367111206055,0.0002,6.66
0.9764,5.967230796813965,0.0002,6.67
0.9075,6.056635856628418,0.0002,6.69
0.9548,6.044095993041992,0.0002,6.71
0.8929,5.768560886383057,0.0002,6.72
0.8691,6.390421390533447,0.0002,6.74
0.8858,6.286332607269287,0.0002,6.76
0.938,5.732709884643555,0.0002,6.78
0.9679,5.711584568023682,0.0002,6.79
0.8791,6.177047252655029,0.0002,6.81
0.9617,6.136504173278809,0.0002,6.83
0.9216,6.286780834197998,0.0002,6.85
0.9483,5.755728244781494,0.0002,6.86
0.9511,5.98911190032959,0.0002,6.88
0.9204,6.099084854125977,0.0002,6.9
0.9097,6.315366744995117,0.0002,6.91
0.894,5.853343486785889,0.0002,6.93
0.9513,5.687999248504639,0.0002,6.95
0.9061,5.83408260345459,0.0002,6.97
0.8976,5.863549709320068,0.0002,6.98
0.8768,5.952241897583008,0.0002,7.0
0.8949,6.264235973358154,0.0002,7.02
0.895,6.02835750579834,0.0002,7.04
0.8628,6.614642143249512,0.0002,7.05
0.87,6.6633148193359375,0.0002,7.07
0.859,6.189698696136475,0.0002,7.09
0.9023,6.039335250854492,0.0002,7.1
0.8836,6.122312068939209,0.0002,7.12
0.9193,6.099137306213379,0.0002,7.14
0.8641,6.156655311584473,0.0002,7.16
0.8996,6.3661298751831055,0.0002,7.17
0.8529,6.278241157531738,0.0002,7.19
0.8759,6.402568340301514,0.0002,7.21
0.8722,6.078054904937744,0.0002,7.23
0.9053,6.784069538116455,0.0002,7.24
0.8917,6.4576826095581055,0.0002,7.26
0.8725,6.328261852264404,0.0002,7.28
0.8756,5.982423305511475,0.0002,7.29
0.9299,6.51944637298584,0.0002,7.31
0.8905,6.5918869972229,0.0002,7.33
0.8467,6.735909938812256,0.0002,7.35
0.9248,6.473630428314209,0.0002,7.36
0.8591,6.047993183135986,0.0002,7.38
0.9174,6.1678266525268555,0.0002,7.4
0.8858,6.4818878173828125,0.0002,7.42
0.9247,6.038449287414551,0.0002,7.43
0.8923,6.061054229736328,0.0002,7.45
0.9012,6.412901401519775,0.0002,7.47
0.8833,6.232489585876465,0.0002,7.48
0.8982,6.4173903465271,0.0002,7.5
0.9126,6.123539924621582,0.0002,7.52
0.9221,6.289766788482666,0.0002,7.54
0.9078,5.990062713623047,0.0002,7.55
0.9048,6.434086322784424,0.0002,7.57
0.9239,5.983731269836426,0.0002,7.59
0.9511,6.35996150970459,0.0002,7.61
0.9043,6.136538028717041,0.0002,7.62
0.9261,6.2950263023376465,0.0002,7.64
0.8622,6.504860877990723,0.0002,7.66
0.8672,6.369466304779053,0.0002,7.68
0.9082,6.5043864250183105,0.0002,7.69
0.8481,6.6902289390563965,0.0002,7.71
0.9151,6.238098621368408,0.0002,7.73
0.9023,6.545223712921143,0.0002,7.74
0.8266,6.375119686126709,0.0002,7.76
0.8995,6.414927959442139,0.0002,7.78
0.8711,6.312893390655518,0.0002,7.8
0.9016,5.870119571685791,0.0002,7.81
0.9244,5.883890628814697,0.0002,7.83
0.8893,6.209286212921143,0.0002,7.85
0.9179,5.885997772216797,0.0002,7.87
0.8694,6.230870246887207,0.0002,7.88
0.9102,6.546996116638184,0.0002,7.9
0.9018,6.0630202293396,0.0002,7.92
0.959,5.894012928009033,0.0002,7.93
0.9055,6.2396039962768555,0.0002,7.95
0.8684,6.746820449829102,0.0002,7.97
0.9247,5.963033199310303,0.0002,7.99
0.8936,6.080401420593262,0.0002,8.0
0.8693,6.56600284576416,0.0002,8.02
0.8538,6.245678901672363,0.0002,8.04
0.9131,6.645726203918457,0.0002,8.06
0.8502,6.418835163116455,0.0002,8.07
0.8594,6.604193687438965,0.0002,8.09
0.8759,6.269510746002197,0.0002,8.11
0.8448,6.368913173675537,0.0002,8.12
0.8549,6.232131004333496,0.0002,8.14
0.8722,6.404721736907959,0.0002,8.16
0.836,6.747515678405762,0.0002,8.18
0.8624,6.4692063331604,0.0002,8.19
0.8787,6.705081939697266,0.0002,8.21
0.8691,6.418754577636719,0.0002,8.23
0.9011,6.151312828063965,0.0002,8.25
0.8795,6.443714618682861,0.0002,8.26
0.8469,6.914102077484131,0.0002,8.28
0.8941,6.419906139373779,0.0002,8.3
0.8413,6.685986042022705,0.0002,8.31
0.8708,6.309338569641113,0.0002,8.33
0.8772,7.187283515930176,0.0002,8.35
0.8736,6.353529453277588,0.0002,8.37
0.8672,6.635004997253418,0.0002,8.38
0.8638,6.611686706542969,0.0002,8.4
0.8771,6.198736190795898,0.0002,8.42
0.8995,6.389863967895508,0.0002,8.44
0.8363,6.211652755737305,0.0002,8.45
0.8562,6.322675704956055,0.0002,8.47
0.8602,6.2938761711120605,0.0002,8.49
0.8892,6.693235874176025,0.0002,8.5
0.8757,6.3405442237854,0.0002,8.52
0.8481,6.375710964202881,0.0002,8.54
0.8236,6.375041961669922,0.0002,8.56
0.8829,6.514158725738525,0.0002,8.57
0.8815,6.7312493324279785,0.0002,8.59
0.9353,6.606796741485596,0.0002,8.61
0.8388,6.226095199584961,0.0002,8.63
0.8801,6.323537349700928,0.0002,8.64
0.8719,6.430606842041016,0.0002,8.66
0.9046,6.334190845489502,0.0002,8.68
0.8927,6.042141914367676,0.0002,8.69
0.9088,6.369941711425781,0.0002,8.71
0.8792,6.162556171417236,0.0002,8.73
0.8489,6.209934711456299,0.0002,8.75
0.8735,6.432966232299805,0.0002,8.76
0.9048,6.527618408203125,0.0002,8.78
0.8729,6.8952436447143555,0.0002,8.8
0.8707,6.450936794281006,0.0002,8.82
0.886,6.399214744567871,0.0002,8.83
0.8556,6.0376787185668945,0.0002,8.85
0.856,6.309270858764648,0.0002,8.87
0.8444,6.454195976257324,0.0002,8.89
0.8799,6.799774169921875,0.0002,8.9
0.8726,6.252419471740723,0.0002,8.92
0.8483,6.5617523193359375,0.0002,8.94
0.9034,6.352284908294678,0.0002,8.95
0.8651,6.235196590423584,0.0002,8.97
0.9097,6.379447937011719,0.0002,8.99
0.8709,5.890706539154053,0.0002,9.01
0.8721,6.9240875244140625,0.0002,9.02
0.8431,6.853020668029785,0.0002,9.04
0.8577,6.715226173400879,0.0002,9.06
0.856,6.44354772567749,0.0002,9.08
0.8559,7.367581367492676,0.0002,9.09
0.8851,6.600942611694336,0.0002,9.11
0.8082,6.567724704742432,0.0002,9.13
0.8369,6.99847936630249,0.0002,9.14
0.8502,6.952502727508545,0.0002,9.16
0.8311,6.773128509521484,0.0002,9.18
0.8327,6.5574421882629395,0.0002,9.2
0.8224,6.850762844085693,0.0002,9.21
0.8349,6.6626715660095215,0.0002,9.23
0.8335,6.7537713050842285,0.0002,9.25
0.815,6.484309196472168,0.0002,9.27
0.8737,6.538950443267822,0.0002,9.28
0.8636,6.779106140136719,0.0002,9.3
0.8306,6.796684265136719,0.0002,9.32
0.8419,6.555130958557129,0.0002,9.33
0.8257,6.5185723304748535,0.0002,9.35
0.8397,6.788949966430664,0.0002,9.37
0.85,6.895514011383057,0.0002,9.39
0.7939,6.995656490325928,0.0002,9.4
0.8633,7.012343406677246,0.0002,9.42
0.8365,6.4799885749816895,0.0002,9.44
0.8549,7.057928562164307,0.0002,9.46
0.8638,6.625752925872803,0.0002,9.47
0.841,6.787798881530762,0.0002,9.49
0.811,6.801362037658691,0.0002,9.51
0.8647,6.884093761444092,0.0002,9.52
0.8798,7.015369415283203,0.0002,9.54
0.8832,6.343809604644775,0.0002,9.56
0.8617,6.385506629943848,0.0002,9.58
0.8804,6.353359222412109,0.0002,9.59
0.8106,7.268764972686768,0.0002,9.61
0.8251,6.801900863647461,0.0002,9.63
0.858,6.5207319259643555,0.0002,9.65
0.8428,6.458012580871582,0.0002,9.66
0.8464,6.292776584625244,0.0002,9.68
0.8853,6.233610153198242,0.0002,9.7
0.9073,6.805239200592041,0.0002,9.71
0.8493,6.685671329498291,0.0002,9.73
0.8695,6.720325469970703,0.0002,9.75
0.8975,6.330815315246582,0.0002,9.77
0.8484,6.775615215301514,0.0002,9.78
0.8822,6.718386173248291,0.0002,9.8
0.8484,6.816053867340088,0.0002,9.82
0.8313,6.594000339508057,0.0002,9.84
0.8322,6.628620624542236,0.0002,9.85
0.8626,6.674252033233643,0.0002,9.87
0.8459,6.496944427490234,0.0002,9.89
0.8506,6.404320240020752,0.0002,9.9
0.8809,6.856830596923828,0.0002,9.92
0.9123,5.98077917098999,0.0002,9.94
0.8468,6.513436794281006,0.0002,9.96
0.8694,6.5417799949646,0.0002,9.97
0.8487,6.6169023513793945,0.0002,9.99
0.8299,6.529040813446045,0.0002,10.01
0.8142,6.920912742614746,0.0002,10.03
0.8095,6.948423385620117,0.0002,10.04
0.8082,6.94215726852417,0.0002,10.06
0.8335,6.448737621307373,0.0002,10.08
0.8349,6.490278244018555,0.0002,10.1
0.8317,7.156589031219482,0.0002,10.11
0.8223,6.894107818603516,0.0002,10.13
0.8473,6.9900407791137695,0.0002,10.15
0.8092,6.859067440032959,0.0002,10.16
0.8461,6.75029993057251,0.0002,10.18
0.8521,6.976339817047119,0.0002,10.2
0.815,6.50689697265625,0.0002,10.22
0.8386,6.950850009918213,0.0002,10.23
0.7888,7.150947093963623,0.0002,10.25
0.8434,6.859192848205566,0.0002,10.27
0.8273,7.018346309661865,0.0002,10.29
0.7873,6.964981555938721,0.0002,10.3
0.8216,6.42913293838501,0.0002,10.32
0.8324,7.403204917907715,0.0002,10.34
0.8198,6.933821201324463,0.0002,10.35
0.7821,6.796492576599121,0.0002,10.37
0.8333,7.215185165405273,0.0002,10.39
0.8668,7.5770955085754395,0.0002,10.41
0.8283,6.827175617218018,0.0002,10.42
0.8379,6.557609558105469,0.0002,10.44
0.8149,6.811211585998535,0.0002,10.46
0.8007,6.9880828857421875,0.0002,10.48
0.811,6.812144756317139,0.0002,10.49
0.8057,7.036466598510742,0.0002,10.51
0.7712,6.8426666259765625,0.0002,10.53
0.878,6.547590732574463,0.0002,10.54
0.8436,6.7646636962890625,0.0002,10.56
0.8391,6.533144474029541,0.0002,10.58
0.8595,6.831852436065674,0.0002,10.6
0.8532,6.701728820800781,0.0002,10.61
0.7905,6.615794658660889,0.0002,10.63
0.8466,6.93371057510376,0.0002,10.65
0.878,6.566738128662109,0.0002,10.67
0.8844,7.550668716430664,0.0002,10.68
0.7861,6.955880165100098,0.0002,10.7
0.8313,7.236972332000732,0.0002,10.72
0.8494,6.716348171234131,0.0002,10.73
0.8313,6.836297512054443,0.0002,10.75
0.8263,6.829374313354492,0.0002,10.77
0.8448,5.910317420959473,0.0002,10.79
0.8311,6.930903911590576,0.0002,10.8
0.8661,6.7148051261901855,0.0002,10.82
0.8718,6.795609951019287,0.0002,10.84
0.8517,6.49291467666626,0.0002,10.86
0.8504,6.95943546295166,0.0002,10.87
0.8457,6.584421157836914,0.0002,10.89
0.8353,6.551769733428955,0.0002,10.91
0.8842,6.482515811920166,0.0002,10.92
0.8205,7.147313117980957,0.0002,10.94
0.8687,6.59121036529541,0.0002,10.96
0.8455,6.788626670837402,0.0002,10.98
0.8154,7.034106731414795,0.0002,10.99
0.7958,6.69110631942749,0.0002,11.01
0.8174,6.728100776672363,0.0002,11.03
0.7608,7.51434850692749,0.0002,11.05
0.8129,6.884264945983887,0.0002,11.06
0.8055,6.496744155883789,0.0002,11.08
0.8372,7.533588886260986,0.0002,11.1
0.8002,6.907442092895508,0.0002,11.11
0.773,7.500485897064209,0.0002,11.13
0.8269,6.8950114250183105,0.0002,11.15
0.7426,7.4729108810424805,0.0002,11.17
0.8329,6.981880187988281,0.0002,11.18
0.7782,6.577969551086426,0.0002,11.2
0.7857,7.787490367889404,0.0002,11.22
0.784,7.1584038734436035,0.0002,11.24
0.7842,6.8080878257751465,0.0002,11.25
0.7691,7.446573257446289,0.0002,11.27
0.7548,7.681204319000244,0.0002,11.29
0.819,6.698817729949951,0.0002,11.31
0.7934,7.404881000518799,0.0002,11.32
0.8248,6.792995929718018,0.0002,11.34
0.8151,7.438622951507568,0.0002,11.36
0.8307,7.450660228729248,0.0002,11.37
0.8105,6.833305835723877,0.0002,11.39
0.8097,7.342653274536133,0.0002,11.41
0.7903,6.842027187347412,0.0002,11.43
0.8362,7.586026191711426,0.0002,11.44
0.8163,6.694260597229004,0.0002,11.46
0.809,6.680749416351318,0.0002,11.48
0.8169,6.964660167694092,0.0002,11.5
0.762,7.304294109344482,0.0002,11.51
0.8502,7.184595108032227,0.0002,11.53
0.8258,7.030911922454834,0.0002,11.55
0.8174,6.947262763977051,0.0002,11.56
0.8274,6.926452159881592,0.0002,11.58
0.8486,7.145439147949219,0.0002,11.6
0.7883,6.984180927276611,0.0002,11.62
0.7354,6.930994987487793,0.0002,11.63
0.806,7.2817912101745605,0.0002,11.65
0.84,7.538877964019775,0.0002,11.67
0.8567,6.960386276245117,0.0002,11.69
0.8493,7.1089935302734375,0.0002,11.7
0.8347,6.951493740081787,0.0002,11.72
0.8065,7.0402655601501465,0.0002,11.74
0.7803,6.753226280212402,0.0002,11.75
0.8273,6.97097110748291,0.0002,11.77
0.8536,6.716240882873535,0.0002,11.79
0.8502,6.9949188232421875,0.0002,11.81
0.8279,6.845340728759766,0.0002,11.82
0.826,7.213374137878418,0.0002,11.84
0.8137,6.77879524230957,0.0002,11.86
0.8484,6.754871368408203,0.0002,11.88
0.8258,6.5707197189331055,0.0002,11.89
0.8245,6.763068675994873,0.0002,11.91
0.8341,6.725250720977783,0.0002,11.93
0.821,6.954216480255127,0.0002,11.94
0.8343,7.006442546844482,0.0002,11.96
0.8107,6.946292877197266,0.0002,11.98
0.7924,6.659704685211182,0.0002,12.0
0.7809,7.029156684875488,0.0002,12.01
0.7907,7.6294636726379395,0.0002,12.03
0.7925,7.456253528594971,0.0002,12.05
0.765,7.514327526092529,0.0002,12.07
0.7651,7.055605888366699,0.0002,12.08
0.7875,7.407268524169922,0.0002,12.1
0.7462,7.312478065490723,0.0002,12.12
0.7955,7.592712879180908,0.0002,12.13
0.8028,6.97906494140625,0.0002,12.15
0.7819,6.857172966003418,0.0002,12.17
0.7852,7.091151237487793,0.0002,12.19
0.7655,7.403868675231934,0.0002,12.2
0.7691,7.407421112060547,0.0002,12.22
0.8137,7.183170795440674,0.0002,12.24
0.8008,7.5691962242126465,0.0002,12.26
0.7839,7.307097911834717,0.0002,12.27
0.7582,7.918436527252197,0.0002,12.29
0.8366,6.8900837898254395,0.0002,12.31
0.8116,7.340857028961182,0.0002,12.32
0.7782,7.318282604217529,0.0002,12.34
0.7854,7.5881452560424805,0.0002,12.36
0.8446,7.205733776092529,0.0002,12.38
0.8482,6.883499622344971,0.0002,12.39
0.7986,7.880502700805664,0.0002,12.41
0.7863,7.067359447479248,0.0002,12.43
0.782,7.493917465209961,0.0002,12.45
0.8004,7.172529220581055,0.0002,12.46
0.796,7.6392388343811035,0.0002,12.48
0.8177,6.816276550292969,0.0002,12.5
0.7445,7.505314826965332,0.0002,12.52
0.8119,7.164185523986816,0.0002,12.53
0.7914,7.4141693115234375,0.0002,12.55
0.7777,7.028623580932617,0.0002,12.57
0.7793,6.941296100616455,0.0002,12.58
0.7807,7.5823140144348145,0.0002,12.6
0.8085,7.671387672424316,0.0002,12.62
0.7951,7.067959785461426,0.0002,12.64
0.8142,7.564257621765137,0.0002,12.65
0.8389,7.1485795974731445,0.0002,12.67
0.7906,7.4823455810546875,0.0002,12.69
0.8295,7.650261402130127,0.0002,12.71
0.7896,7.391350269317627,0.0002,12.72
0.7747,7.324319839477539,0.0002,12.74
0.7715,6.956259250640869,0.0002,12.76
0.7928,7.388464450836182,0.0002,12.77
0.8329,7.792182445526123,0.0002,12.79
0.8103,7.018104553222656,0.0002,12.81
0.7878,7.042953014373779,0.0002,12.83
0.8139,7.150320053100586,0.0002,12.84
0.7914,7.353640556335449,0.0002,12.86
0.8411,7.000549793243408,0.0002,12.88
0.8107,6.965395927429199,0.0002,12.9
0.8062,7.268679618835449,0.0002,12.91
0.8027,7.188387870788574,0.0002,12.93
0.8169,7.116095066070557,0.0002,12.95
0.7895,7.167643070220947,0.0002,12.96
0.8029,7.213489532470703,0.0002,12.98
0.8064,7.391016960144043,0.0002,13.0
0.7561,7.780803203582764,0.0002,13.02
0.7602,7.215564727783203,0.0002,13.03
0.7645,7.547883033752441,0.0002,13.05
0.7763,8.098173141479492,0.0002,13.07
0.7872,7.573846340179443,0.0002,13.09
0.7913,7.557267665863037,0.0002,13.1
0.7979,7.762087821960449,0.0002,13.12
0.7157,7.748294353485107,0.0002,13.14
0.7744,7.120251655578613,0.0002,13.15
0.746,8.059242248535156,0.0002,13.17
0.7466,8.32009506225586,0.0002,13.19
0.7688,7.568329811096191,0.0002,13.21
0.8002,7.292255401611328,0.0002,13.22
0.754,8.20165729522705,0.0002,13.24
0.7485,7.527892112731934,0.0002,13.26
0.7685,7.359821796417236,0.0002,13.28
0.778,7.142179012298584,0.0002,13.29
0.7593,7.600322723388672,0.0002,13.31
0.7959,7.779852390289307,0.0002,13.33
0.732,7.465190410614014,0.0002,13.34
0.7858,7.782110214233398,0.0002,13.36
0.7603,7.165647029876709,0.0002,13.38
0.8147,7.346096992492676,0.0002,13.4
0.7582,7.849372863769531,0.0002,13.41
0.7857,7.528487682342529,0.0002,13.43
0.7626,7.350768566131592,0.0002,13.45
0.7682,7.867544651031494,0.0002,13.47
0.7736,7.624605178833008,0.0002,13.48
0.7742,7.566685676574707,0.0002,13.5
0.8187,7.462146282196045,0.0002,13.52
0.7519,7.543982028961182,0.0002,13.54
0.7805,7.371968746185303,0.0002,13.55
0.7901,7.482433795928955,0.0002,13.57
0.7773,7.580316066741943,0.0002,13.59
0.7916,7.428037643432617,0.0002,13.6
0.7744,7.462972640991211,0.0002,13.62
0.7485,7.360261917114258,0.0002,13.64
0.8014,7.19116735458374,0.0002,13.66
0.7641,7.722403049468994,0.0002,13.67
0.7484,7.7070112228393555,0.0002,13.69
0.7616,8.12066650390625,0.0002,13.71
0.7972,7.0182061195373535,0.0002,13.73
0.7523,7.757205963134766,0.0002,13.74
0.7682,7.623322486877441,0.0002,13.76
0.7757,7.41825008392334,0.0002,13.78
0.8,7.302823543548584,0.0002,13.79
0.7905,7.451586723327637,0.0002,13.81
0.8407,7.278293609619141,0.0002,13.83
0.8142,7.4575700759887695,0.0002,13.85
0.7796,7.4136552810668945,0.0002,13.86
0.8046,6.990450382232666,0.0002,13.88
0.7865,7.512072563171387,0.0002,13.9
0.8124,7.065128803253174,0.0002,13.92
0.7744,7.612666130065918,0.0002,13.93
0.7762,7.8356709480285645,0.0002,13.95
0.7989,7.240439414978027,0.0002,13.97
0.7644,7.582406044006348,0.0002,13.98
0.7641,7.689539909362793,0.0002,14.0
0.7038,7.67765474319458,0.0002,14.02
0.7466,7.588207244873047,0.0002,14.04
0.7436,7.82722806930542,0.0002,14.05
0.7257,7.972216606140137,0.0002,14.07
0.737,7.362926959991455,0.0002,14.09
0.7358,7.839532375335693,0.0002,14.11
0.7612,7.43364143371582,0.0002,14.12
0.7374,8.210023880004883,0.0002,14.14
0.7446,7.973526954650879,0.0002,14.16
0.7351,7.9765777587890625,0.0002,14.17
0.7234,8.733174324035645,0.0002,14.19
0.7788,7.126181602478027,0.0002,14.21
0.7429,8.203417778015137,0.0002,14.23
0.7822,7.252231121063232,0.0002,14.24
0.7433,8.158076286315918,0.0002,14.26
0.7516,7.357217788696289,0.0002,14.28
0.7536,7.519817352294922,0.0002,14.3
0.7642,7.474717140197754,0.0002,14.31
0.7957,7.731402397155762,0.0002,14.33
0.7577,8.128636360168457,0.0002,14.35
0.7739,7.473898887634277,0.0002,14.36
0.7513,7.4621734619140625,0.0002,14.38
0.7817,7.955427169799805,0.0002,14.4
0.7605,7.5326385498046875,0.0002,14.42
0.7477,7.1988911628723145,0.0002,14.43
0.7717,7.908300876617432,0.0002,14.45
0.7899,7.470133304595947,0.0002,14.47
0.7699,8.391124725341797,0.0002,14.49
0.7869,7.699073314666748,0.0002,14.5
0.7774,7.771275520324707,0.0002,14.52
0.7381,7.8529558181762695,0.0002,14.54
0.742,8.205491065979004,0.0002,14.55
0.7651,7.452491760253906,0.0002,14.57
0.7485,8.314562797546387,0.0002,14.59
0.7269,7.894887447357178,0.0002,14.61
0.7761,7.8128437995910645,0.0002,14.62
0.7717,7.398129463195801,0.0002,14.64
0.79,7.343949794769287,0.0002,14.66
0.7632,7.724311828613281,0.0002,14.68
0.7545,7.483322620391846,0.0002,14.69
0.7538,7.707247257232666,0.0002,14.71
0.7956,7.351300239562988,0.0002,14.73
0.8001,7.501584053039551,0.0002,14.75
0.7487,7.496982097625732,0.0002,14.76
0.7274,7.634647846221924,0.0002,14.78
0.7693,7.857079029083252,0.0002,14.8
0.7789,7.53891134262085,0.0002,14.81
0.7874,7.281681537628174,0.0002,14.83
0.7541,7.558135032653809,0.0002,14.85
0.77,7.78918981552124,0.0002,14.87
0.7282,7.520505905151367,0.0002,14.88
0.8225,7.57826566696167,0.0002,14.9
0.7906,7.6267194747924805,0.0002,14.92
0.7842,7.617452144622803,0.0002,14.94
0.8038,7.405204772949219,0.0002,14.95
0.7876,7.588013648986816,0.0002,14.97
0.7574,7.713537216186523,0.0002,14.99
0.7168,7.587109088897705,0.0002,15.0
0.7358,7.866257190704346,0.0002,15.02
0.7316,8.292651176452637,0.0002,15.04
0.6906,8.527376174926758,0.0002,15.06
0.7492,7.506072044372559,0.0002,15.07
0.7185,8.213157653808594,0.0002,15.09
0.7511,8.38145923614502,0.0002,15.11
0.719,8.449606895446777,0.0002,15.13
0.7434,7.676480293273926,0.0002,15.14
0.7522,8.085929870605469,0.0002,15.16
0.7039,7.479519367218018,0.0002,15.18
0.7512,7.811207294464111,0.0002,15.19
0.6931,8.645008087158203,0.0002,15.21
0.7374,7.935513019561768,0.0002,15.23
0.6725,8.652531623840332,0.0002,15.25
0.7353,8.25002384185791,0.0002,15.26
0.7071,7.801094055175781,0.0002,15.28
0.7471,7.9276442527771,0.0002,15.3
0.7538,9.077901840209961,0.0002,15.32
0.7435,7.872540473937988,0.0002,15.33
0.7006,7.633926868438721,0.0002,15.35
0.7624,8.238816261291504,0.0002,15.37
0.7442,8.277461051940918,0.0002,15.38
0.7503,8.765461921691895,0.0002,15.4
0.7247,7.970008373260498,0.0002,15.42
0.7523,7.9593658447265625,0.0002,15.44
0.7359,7.745914936065674,0.0002,15.45
0.7485,8.203439712524414,0.0002,15.47
0.764,8.224540710449219,0.0002,15.49
0.7389,9.031272888183594,0.0002,15.51
0.7795,7.650878429412842,0.0002,15.52
0.7159,8.350607872009277,0.0002,15.54
0.7534,7.194602012634277,0.0002,15.56
0.7333,7.87135648727417,0.0002,15.57
0.7884,7.501485347747803,0.0002,15.59
0.7587,8.067408561706543,0.0002,15.61
0.7445,7.986518383026123,0.0002,15.63
0.7435,7.570110321044922,0.0002,15.64
0.7524,7.716804027557373,0.0002,15.66
0.7576,7.96168327331543,0.0002,15.68
0.7788,7.389636516571045,0.0002,15.7
0.7265,8.26202392578125,0.0002,15.71
0.723,7.590472221374512,0.0002,15.73
0.7493,8.120770454406738,0.0002,15.75
0.7127,7.367089748382568,0.0002,15.76
0.7575,7.7579240798950195,0.0002,15.78
0.763,7.702981472015381,0.0002,15.8
0.769,7.890286922454834,0.0002,15.82
0.7731,7.535087585449219,0.0002,15.83
0.7885,7.204894065856934,0.0002,15.85
0.7584,8.100611686706543,0.0002,15.87
0.7689,7.521963596343994,0.0002,15.89
0.785,7.799239158630371,0.0002,15.9
0.7213,8.04716968536377,0.0002,15.92
0.7313,7.581056594848633,0.0002,15.94
0.7505,7.797760009765625,0.0002,15.96
0.7319,7.744659423828125,0.0002,15.97
0.7221,8.429878234863281,0.0002,15.99
0.7318,7.223771095275879,0.0002,16.01
0.6835,8.837557792663574,0.0002,16.02
0.7164,7.830348491668701,0.0002,16.04
0.7076,8.562461853027344,0.0002,16.06
0.6861,7.661229610443115,0.0002,16.08
0.7047,8.296517372131348,0.0002,16.09
0.7158,7.945613861083984,0.0002,16.11
0.7315,8.371150016784668,0.0002,16.13
0.7264,8.047931671142578,0.0002,16.15
0.7333,8.524507522583008,0.0002,16.16
0.7153,7.769716262817383,0.0002,16.18
0.7346,8.189845085144043,0.0002,16.2
0.6915,8.492374420166016,0.0002,16.21
0.7228,8.412564277648926,0.0002,16.23
0.7192,8.451180458068848,0.0002,16.25
0.6964,8.851792335510254,0.0002,16.27
0.7279,8.379534721374512,0.0002,16.28
0.7472,8.268590927124023,0.0002,16.3
0.7171,8.674803733825684,0.0002,16.32
0.7443,8.223978042602539,0.0002,16.34
0.7322,8.16457748413086,0.0002,16.35
0.7215,8.344314575195312,0.0002,16.37
0.7587,8.090352058410645,0.0002,16.39
0.7234,8.049798965454102,0.0002,16.4
0.7077,8.556363105773926,0.0002,16.42
0.7609,7.615882873535156,0.0002,16.44
0.7537,8.437817573547363,0.0002,16.46
0.7628,8.207942008972168,0.0002,16.47
0.7138,8.467653274536133,0.0002,16.49
0.7007,8.016626358032227,0.0002,16.51
0.719,8.168859481811523,0.0002,16.53
0.7515,7.949615001678467,0.0002,16.54
0.7363,7.828153133392334,0.0002,16.56
0.7594,8.179770469665527,0.0002,16.58
0.7254,8.025392532348633,0.0002,16.59
0.7257,8.18668270111084,0.0002,16.61
0.7547,7.838691711425781,0.0002,16.63
0.7128,8.052366256713867,0.0002,16.65
0.7122,7.894867897033691,0.0002,16.66
0.7433,8.22175407409668,0.0002,16.68
0.7082,8.077160835266113,0.0002,16.7
0.7521,7.789518356323242,0.0002,16.72
0.7242,8.729440689086914,0.0002,16.73
0.732,7.920871257781982,0.0002,16.75
0.7758,7.830904006958008,0.0002,16.77
0.7092,8.523344039916992,0.0002,16.78
0.7537,7.727341175079346,0.0002,16.8
0.7497,7.870782852172852,0.0002,16.82
0.7223,8.880167961120605,0.0002,16.84
0.7124,8.395581245422363,0.0002,16.85
0.7177,8.199210166931152,0.0002,16.87
0.7248,8.352407455444336,0.0002,16.89
0.732,7.776357650756836,0.0002,16.91
0.6921,8.234797477722168,0.0002,16.92
0.7108,8.31490707397461,0.0002,16.94
0.7281,8.12123966217041,0.0002,16.96
0.7236,7.96754789352417,0.0002,16.97
0.7629,7.851502418518066,0.0002,16.99
0.7008,8.069401741027832,0.0002,17.01
0.7017,7.982736110687256,0.0002,17.03
0.6569,8.136774063110352,0.0002,17.04
0.7152,8.130416870117188,0.0002,17.06
0.688,8.197361946105957,0.0002,17.08
0.7185,8.071331024169922,0.0002,17.1
0.6575,8.623099327087402,0.0002,17.11
0.7202,8.324148178100586,0.0002,17.13
0.7303,8.44526481628418,0.0002,17.15
0.7083,8.357748031616211,0.0002,17.17
0.6526,9.066673278808594,0.0002,17.18
0.7124,7.964704513549805,0.0002,17.2
0.7529,8.562785148620605,0.0002,17.22
0.6818,8.101761817932129,0.0002,17.23
0.7017,8.382423400878906,0.0002,17.25
0.7137,9.541022300720215,0.0002,17.27
0.7123,8.095796585083008,0.0002,17.29
0.6989,8.74301815032959,0.0002,17.3
0.6975,9.213705062866211,0.0002,17.32
0.7014,8.549958229064941,0.0002,17.34
0.7051,8.44160270690918,0.0002,17.36
0.7245,8.208962440490723,0.0002,17.37
0.7189,8.243310928344727,0.0002,17.39
0.6902,8.837626457214355,0.0002,17.41
0.6767,8.536755561828613,0.0002,17.42
0.7119,9.366393089294434,0.0002,17.44
0.7018,8.471404075622559,0.0002,17.46
0.6984,8.146780967712402,0.0002,17.48
0.7063,8.149934768676758,0.0002,17.49
0.7231,8.269049644470215,0.0002,17.51
0.7291,8.617776870727539,0.0002,17.53
0.6771,8.378326416015625,0.0002,17.55
0.735,7.973907947540283,0.0002,17.56
0.6895,8.876968383789062,0.0002,17.58
0.7198,8.363006591796875,0.0002,17.6
0.7418,8.667877197265625,0.0002,17.61
0.7538,8.312695503234863,0.0002,17.63
0.7333,8.592100143432617,0.0002,17.65
0.7501,7.8824872970581055,0.0002,17.67
0.7364,9.066751480102539,0.0002,17.68
0.697,8.752480506896973,0.0002,17.7
0.7257,7.881565570831299,0.0002,17.72
0.6717,8.850223541259766,0.0002,17.74
0.7599,8.259194374084473,0.0002,17.75
0.7005,8.441012382507324,0.0002,17.77
0.735,7.8407511711120605,0.0002,17.79
0.7372,9.162040710449219,0.0002,17.8
0.7221,8.658447265625,0.0002,17.82
0.6897,8.273232460021973,0.0002,17.84
0.7209,8.297978401184082,0.0002,17.86
0.6799,8.154102325439453,0.0002,17.87
0.7044,8.087000846862793,0.0002,17.89
0.7306,8.072303771972656,0.0002,17.91
0.7201,8.276995658874512,0.0002,17.93
0.7614,7.544148921966553,0.0002,17.94
0.7087,8.017605781555176,0.0002,17.96
0.7486,8.116504669189453,0.0002,17.98
0.7493,7.987436294555664,0.0002,17.99
0.6842,8.706625938415527,0.0002,18.01
0.6548,9.109890937805176,0.0002,18.03
0.7028,8.474024772644043,0.0002,18.05
0.6868,8.398493766784668,0.0002,18.06
0.6882,8.48643970489502,0.0002,18.08
0.6577,9.045353889465332,0.0002,18.1
0.6707,9.192598342895508,0.0002,18.12
0.7166,8.904895782470703,0.0002,18.13
0.6839,8.5912504196167,0.0002,18.15
0.6746,8.442147254943848,0.0002,18.17
0.6928,8.117535591125488,0.0002,18.18
0.6751,8.404934883117676,0.0002,18.2
0.6929,8.80738353729248,0.0002,18.22
0.6864,8.681252479553223,0.0002,18.24
0.64,8.901288986206055,0.0002,18.25
0.7115,9.319804191589355,0.0002,18.27
0.6828,8.613187789916992,0.0002,18.29
0.6961,9.030197143554688,0.0002,18.31
0.684,9.044559478759766,0.0002,18.32
0.7266,8.738058090209961,0.0002,18.34
0.7016,8.033135414123535,0.0002,18.36
0.6992,9.235554695129395,0.0002,18.38
0.706,8.253185272216797,0.0002,18.39
0.7056,8.532934188842773,0.0002,18.41
0.7052,8.773886680603027,0.0002,18.43
0.7258,8.351698875427246,0.0002,18.44
0.6635,8.786031723022461,0.0002,18.46
0.6618,9.201104164123535,0.0002,18.48
0.7024,8.71894359588623,0.0002,18.5
0.6907,8.049816131591797,0.0002,18.51
0.7343,8.69219970703125,0.0002,18.53
0.6853,8.551929473876953,0.0002,18.55
0.6709,8.944331169128418,0.0002,18.57
0.7197,8.599652290344238,0.0002,18.58
0.6999,8.431270599365234,0.0002,18.6
0.6913,8.84205436706543,0.0002,18.62
0.6974,8.621418952941895,0.0002,18.63
0.6721,8.385258674621582,0.0002,18.65
0.7357,8.354523658752441,0.0002,18.67
0.6511,8.593442916870117,0.0002,18.69
0.6969,7.8540191650390625,0.0002,18.7
0.6974,9.02469539642334,0.0002,18.72
0.6984,8.491419792175293,0.0002,18.74
0.6975,8.93236255645752,0.0002,18.76
0.6832,8.930630683898926,0.0002,18.77
0.7398,8.60129165649414,0.0002,18.79
0.7038,8.269959449768066,0.0002,18.81
0.7463,8.486281394958496,0.0002,18.82
0.7001,8.079447746276855,0.0002,18.84
0.7299,8.648133277893066,0.0002,18.86
0.7038,8.71068286895752,0.0002,18.88
0.6772,8.13781452178955,0.0002,18.89
0.7599,8.920854568481445,0.0002,18.91
0.6914,8.84914493560791,0.0002,18.93
0.7196,8.371875762939453,0.0002,18.95
0.7056,8.386636734008789,0.0002,18.96
0.7195,8.644488334655762,0.0002,18.98
0.7198,8.355652809143066,0.0002,19.0
0.6737,9.898335456848145,0.0002,19.01
0.6703,8.658355712890625,0.0002,19.03
0.6714,9.236838340759277,0.0002,19.05
0.6287,8.775199890136719,0.0002,19.07
0.6346,8.90086555480957,0.0002,19.08
0.7054,8.526728630065918,0.0002,19.1
0.6935,9.0560941696167,0.0002,19.12
0.6414,8.666940689086914,0.0002,19.14
0.6661,8.799656867980957,0.0002,19.15
0.6425,9.30958366394043,0.0002,19.17
0.6474,8.583860397338867,0.0002,19.19
0.6457,9.537153244018555,0.0002,19.2
0.6921,8.725417137145996,0.0002,19.22
0.6193,9.919581413269043,0.0002,19.24
0.6528,9.129188537597656,0.0002,19.26
0.6936,8.587495803833008,0.0002,19.27
0.6979,8.951424598693848,0.0002,19.29
0.681,8.87325382232666,0.0002,19.31
0.6588,8.731099128723145,0.0002,19.33
0.651,8.765564918518066,0.0002,19.34
0.7084,8.502416610717773,0.0002,19.36
0.7,9.574973106384277,0.0002,19.38
0.6578,8.932209968566895,0.0002,19.39
0.7296,8.558704376220703,0.0002,19.41
0.6566,8.78290843963623,0.0002,19.43
0.692,9.266350746154785,0.0002,19.45
0.6971,8.696767807006836,0.0002,19.46
0.6922,8.857932090759277,0.0002,19.48
0.6614,9.552437782287598,0.0002,19.5
0.6739,8.60180950164795,0.0002,19.52
0.6864,8.435416221618652,0.0002,19.53
0.7053,8.580459594726562,0.0002,19.55
0.6771,9.4100980758667,0.0002,19.57
0.6957,8.880693435668945,0.0002,19.59
0.6843,9.201743125915527,0.0002,19.6
0.6553,8.671974182128906,0.0002,19.62
0.6667,8.901551246643066,0.0002,19.64
0.6857,9.134125709533691,0.0002,19.65
0.6771,8.696667671203613,0.0002,19.67
0.7248,9.507615089416504,0.0002,19.69
0.6999,8.604778289794922,0.0002,19.71
0.7068,8.691994667053223,0.0002,19.72
0.7188,8.838020324707031,0.0002,19.74
0.6658,9.224104881286621,0.0002,19.76
0.7071,9.072687149047852,0.0002,19.78
0.7042,8.780102729797363,0.0002,19.79
0.681,9.16697883605957,0.0002,19.81
0.6982,8.180155754089355,0.0002,19.83
0.6814,9.301390647888184,0.0002,19.84
0.677,8.798629760742188,0.0002,19.86
0.7101,9.127374649047852,0.0002,19.88
0.7248,9.045008659362793,0.0002,19.9
0.724,9.366798400878906,0.0002,19.91
0.6713,8.451207160949707,0.0002,19.93
0.6882,8.867810249328613,0.0002,19.95
0.701,8.353178024291992,0.0002,19.97
0.7489,8.308584213256836,0.0002,19.98
